UserID,user_new_id
U00006040,0
U00006037,1
U00006036,2
U00006035,3
U00006031,4
U00006032,5
U00006030,6
U00006028,7
U00006026,8
U00006027,9
U00006025,10
U00006024,11
U00006023,12
U00006022,13
U00006021,14
U00006019,15
U00006018,16
U00006016,17
U00006015,18
U00006014,19
U00006011,20
U00006007,21
U00006006,22
U00006003,23
U00006001,24
U00005997,25
U00005996,26
U00005995,27
U00006010,28
U00006013,29
U00005992,30
U00005989,31
U00005988,32
U00006000,33
U00005987,34
U00005986,35
U00005984,36
U00005983,37
U00005982,38
U00005980,39
U00005976,40
U00005975,41
U00005974,42
U00005973,43
U00005972,44
U00005969,45
U00005964,46
U00005963,47
U00005961,48
U00005960,49
U00005959,50
U00005958,51
U00005957,52
U00005956,53
U00005955,54
U00005954,55
U00005953,56
U00005950,57
U00005947,58
U00005948,59
U00005946,60
U00005944,61
U00005943,62
U00005942,63
U00005939,64
U00005937,65
U00005935,66
U00005934,67
U00005933,68
U00005932,69
U00005931,70
U00005930,71
U00005927,72
U00005938,73
U00005924,74
U00005925,75
U00005971,76
U00005921,77
U00005920,78
U00005919,79
U00005917,80
U00005916,81
U00005914,82
U00005915,83
U00005913,84
U00005912,85
U00005910,86
U00005911,87
U00005908,88
U00005905,89
U00005906,90
U00005903,91
U00005902,92
U00005901,93
U00005900,94
U00005896,95
U00005893,96
U00005892,97
U00005894,98
U00005890,99
U00005922,100
U00005888,101
U00005887,102
U00005886,103
U00005885,104
U00005884,105
U00005889,106
U00005881,107
U00005879,108
U00005880,109
U00005878,110
U00005874,111
U00005872,112
U00005875,113
U00005871,114
U00005869,115
U00005868,116
U00005865,117
U00005864,118
U00005862,119
U00005860,120
U00005858,121
U00005857,122
U00005856,123
U00005855,124
U00005854,125
U00005853,126
U00005852,127
U00005851,128
U00005848,129
U00005847,130
U00005845,131
U00005844,132
U00005843,133
U00005842,134
U00005841,135
U00005840,136
U00005839,137
U00005838,138
U00005837,139
U00005836,140
U00005835,141
U00005833,142
U00005832,143
U00005831,144
U00005829,145
U00005827,146
U00005826,147
U00005824,148
U00005823,149
U00005819,150
U00005818,151
U00005814,152
U00005815,153
U00005813,154
U00005812,155
U00005811,156
U00005809,157
U00005808,158
U00005806,159
U00005807,160
U00005805,161
U00005803,162
U00005802,163
U00005801,164
U00005825,165
U00005798,166
U00005797,167
U00005794,168
U00005795,169
U00005791,170
U00005790,171
U00005788,172
U00005787,173
U00005783,174
U00005782,175
U00005780,176
U00005779,177
U00005778,178
U00005777,179
U00005776,180
U00005775,181
U00005770,182
U00005769,183
U00005768,184
U00005767,185
U00005766,186
U00005765,187
U00005764,188
U00005762,189
U00005760,190
U00005759,191
U00005757,192
U00005755,193
U00005786,194
U00005754,195
U00005753,196
U00005752,197
U00005758,198
U00005751,199
U00005748,200
U00005746,201
U00005747,202
U00005745,203
U00005744,204
U00005742,205
U00005740,206
U00005738,207
U00005733,208
U00005732,209
U00005731,210
U00005730,211
U00005728,212
U00005736,213
U00005721,214
U00005720,215
U00005717,216
U00005718,217
U00005716,218
U00005713,219
U00005712,220
U00005711,221
U00005710,222
U00005709,223
U00005708,224
U00005706,225
U00005705,226
U00005704,227
U00005702,228
U00005701,229
U00005699,230
U00005700,231
U00005698,232
U00005695,233
U00005693,234
U00005691,235
U00005690,236
U00005687,237
U00005688,238
U00005686,239
U00005684,240
U00005682,241
U00005689,242
U00005679,243
U00005678,244
U00005676,245
U00005673,246
U00005674,247
U00005675,248
U00005671,249
U00005670,250
U00005669,251
U00005785,252
U00005667,253
U00005666,254
U00005665,255
U00005664,256
U00005663,257
U00005661,258
U00005659,259
U00005658,260
U00005657,261
U00005763,262
U00005656,263
U00005655,264
U00005654,265
U00005652,266
U00005653,267
U00005651,268
U00005650,269
U00005649,270
U00005647,271
U00005646,272
U00005645,273
U00005644,274
U00005648,275
U00005643,276
U00005641,277
U00005642,278
U00005677,279
U00005662,280
U00005637,281
U00005638,282
U00005636,283
U00005635,284
U00005634,285
U00005632,286
U00005629,287
U00005628,288
U00005627,289
U00005626,290
U00005625,291
U00005623,292
U00005622,293
U00005621,294
U00005619,295
U00005618,296
U00005617,297
U00005615,298
U00005614,299
U00005631,300
U00005613,301
U00005610,302
U00005609,303
U00005607,304
U00005606,305
U00005605,306
U00005603,307
U00005601,308
U00005599,309
U00005598,310
U00005597,311
U00005596,312
U00005595,313
U00005714,314
U00005593,315
U00005594,316
U00005592,317
U00005585,318
U00005583,319
U00005587,320
U00005578,321
U00005580,322
U00005575,323
U00005576,324
U00005574,325
U00005573,326
U00005572,327
U00005571,328
U00005569,329
U00005570,330
U00005568,331
U00005567,332
U00005565,333
U00005563,334
U00005562,335
U00005561,336
U00005560,337
U00005559,338
U00005558,339
U00005683,340
U00005557,341
U00005556,342
U00005554,343
U00005553,344
U00005552,345
U00005555,346
U00005604,347
U00005600,348
U00005550,349
U00005548,350
U00005547,351
U00005545,352
U00005543,353
U00005535,354
U00005532,355
U00005531,356
U00005530,357
U00005527,358
U00005526,359
U00005525,360
U00005524,361
U00005523,362
U00005522,363
U00005521,364
U00005519,365
U00005518,366
U00005515,367
U00005516,368
U00005514,369
U00005512,370
U00005536,371
U00005511,372
U00005509,373
U00005506,374
U00005505,375
U00005504,376
U00005520,377
U00005503,378
U00005501,379
U00005500,380
U00005499,381
U00005502,382
U00005498,383
U00005497,384
U00005496,385
U00005493,386
U00005490,387
U00005494,388
U00005602,389
U00005488,390
U00005487,391
U00005486,392
U00005485,393
U00005482,394
U00005491,395
U00005479,396
U00005478,397
U00005477,398
U00005474,399
U00005473,400
U00005483,401
U00005472,402
U00005734,403
U00005471,404
U00005470,405
U00005468,406
U00005466,407
U00005464,408
U00005463,409
U00005461,410
U00005460,411
U00005459,412
U00005456,413
U00005457,414
U00005455,415
U00005539,416
U00005453,417
U00005452,418
U00005451,419
U00005450,420
U00005448,421
U00005447,422
U00005446,423
U00005445,424
U00005443,425
U00005442,426
U00005441,427
U00005440,428
U00005438,429
U00005437,430
U00005436,431
U00005434,432
U00005433,433
U00005432,434
U00005435,435
U00005431,436
U00005430,437
U00005429,438
U00005428,439
U00005427,440
U00005426,441
U00005425,442
U00005423,443
U00005421,444
U00005420,445
U00005419,446
U00005418,447
U00005416,448
U00005415,449
U00005413,450
U00005412,451
U00005408,452
U00005405,453
U00005422,454
U00005404,455
U00005402,456
U00005401,457
U00005399,458
U00005406,459
U00005397,460
U00005396,461
U00005395,462
U00005393,463
U00005392,464
U00005390,465
U00005389,466
U00005387,467
U00005386,468
U00005385,469
U00005384,470
U00005383,471
U00005382,472
U00005403,473
U00005379,474
U00005378,475
U00005377,476
U00005376,477
U00005375,478
U00005371,479
U00005369,480
U00005368,481
U00005367,482
U00005366,483
U00005365,484
U00005364,485
U00005363,486
U00005361,487
U00005359,488
U00005355,489
U00005354,490
U00005353,491
U00005352,492
U00005985,493
U00005351,494
U00005350,495
U00005349,496
U00005347,497
U00005346,498
U00005345,499
U00005342,500
U00005340,501
U00005339,502
U00005338,503
U00005337,504
U00005336,505
U00005335,506
U00005861,507
U00005334,508
U00005333,509
U00005332,510
U00005331,511
U00005329,512
U00005328,513
U00005326,514
U00005325,515
U00005323,516
U00005324,517
U00005321,518
U00005320,519
U00005319,520
U00005318,521
U00005317,522
U00005316,523
U00005314,524
U00005312,525
U00005381,526
U00005311,527
U00005306,528
U00005475,529
U00005305,530
U00005304,531
U00005302,532
U00005301,533
U00005300,534
U00005299,535
U00005298,536
U00005296,537
U00005294,538
U00005293,539
U00005289,540
U00005287,541
U00005286,542
U00005285,543
U00005282,544
U00005284,545
U00005279,546
U00005327,547
U00005275,548
U00005273,549
U00005271,550
U00005270,551
U00005283,552
U00005269,553
U00005268,554
U00005267,555
U00005264,556
U00005263,557
U00005262,558
U00005259,559
U00005265,560
U00005257,561
U00005256,562
U00005254,563
U00005253,564
U00005250,565
U00005248,566
U00005247,567
U00005246,568
U00005245,569
U00005244,570
U00005243,571
U00005394,572
U00005241,573
U00005239,574
U00005237,575
U00005236,576
U00005235,577
U00005234,578
U00005233,579
U00005252,580
U00005232,581
U00005231,582
U00005230,583
U00005229,584
U00005227,585
U00005225,586
U00005223,587
U00005222,588
U00005220,589
U00005219,590
U00005218,591
U00005217,592
U00005249,593
U00005330,594
U00005206,595
U00005204,596
U00005205,597
U00005200,598
U00005208,599
U00005198,600
U00005196,601
U00005192,602
U00005191,603
U00005193,604
U00005190,605
U00005188,606
U00005187,607
U00005184,608
U00005183,609
U00005182,610
U00005181,611
U00005277,612
U00005180,613
U00005179,614
U00005178,615
U00005177,616
U00005176,617
U00005173,618
U00005169,619
U00005168,620
U00005167,621
U00005251,622
U00005164,623
U00005163,624
U00005165,625
U00005161,626
U00005159,627
U00005158,628
U00005209,629
U00005156,630
U00005155,631
U00005492,632
U00005153,633
U00005170,634
U00005151,635
U00005150,636
U00005148,637
U00005141,638
U00005140,639
U00005139,640
U00005138,641
U00005226,642
U00005136,643
U00005135,644
U00005134,645
U00005133,646
U00005131,647
U00005129,648
U00005142,649
U00005126,650
U00005124,651
U00005123,652
U00005122,653
U00005121,654
U00005157,655
U00005120,656
U00005118,657
U00005114,658
U00005112,659
U00005111,660
U00005108,661
U00005107,662
U00005106,663
U00005103,664
U00005099,665
U00005094,666
U00005093,667
U00005100,668
U00005092,669
U00005089,670
U00005090,671
U00005091,672
U00005088,673
U00005086,674
U00005087,675
U00005085,676
U00005084,677
U00005083,678
U00005082,679
U00005080,680
U00005076,681
U00005074,682
U00005070,683
U00005065,684
U00005064,685
U00005063,686
U00005061,687
U00005059,688
U00005054,689
U00005056,690
U00005050,691
U00005053,692
U00005049,693
U00005048,694
U00005047,695
U00005046,696
U00005042,697
U00005039,698
U00005038,699
U00005037,700
U00005036,701
U00005035,702
U00005077,703
U00005033,704
U00005034,705
U00005032,706
U00005031,707
U00005030,708
U00005029,709
U00005025,710
U00005026,711
U00005949,712
U00005020,713
U00005013,714
U00005021,715
U00005016,716
U00005011,717
U00005018,718
U00005009,719
U00005014,720
U00005005,721
U00005000,722
U00005481,723
U00004996,724
U00004993,725
U00004999,726
U00004998,727
U00005008,728
U00004995,729
U00004986,730
U00004994,731
U00005015,732
U00004997,733
U00004989,734
U00004987,735
U00004988,736
U00004985,737
U00004984,738
U00004980,739
U00004981,740
U00004978,741
U00005002,742
U00004979,743
U00004977,744
U00004973,745
U00004968,746
U00004971,747
U00004975,748
U00004972,749
U00004967,750
U00004966,751
U00004965,752
U00004964,753
U00004963,754
U00004961,755
U00004959,756
U00004958,757
U00004957,758
U00004954,759
U00004952,760
U00004953,761
U00004950,762
U00004946,763
U00004956,764
U00004951,765
U00004944,766
U00004942,767
U00004945,768
U00004948,769
U00004937,770
U00004936,771
U00004934,772
U00004932,773
U00004933,774
U00004931,775
U00004928,776
U00004927,777
U00004925,778
U00004922,779
U00004916,780
U00004917,781
U00004915,782
U00004911,783
U00004914,784
U00004918,785
U00004909,786
U00004906,787
U00004905,788
U00004904,789
U00004902,790
U00004901,791
U00004908,792
U00004899,793
U00004898,794
U00004897,795
U00004926,796
U00005172,797
U00004895,798
U00004893,799
U00004892,800
U00004890,801
U00004889,802
U00004887,803
U00004888,804
U00004884,805
U00004886,806
U00004879,807
U00004878,808
U00004876,809
U00004877,810
U00004875,811
U00004921,812
U00004873,813
U00004939,814
U00004869,815
U00004867,816
U00004872,817
U00004865,818
U00004866,819
U00004864,820
U00005278,821
U00004862,822
U00004863,823
U00004858,824
U00004859,825
U00004857,826
U00004855,827
U00005143,828
U00004847,829
U00004849,830
U00004848,831
U00004845,832
U00005749,833
U00004990,834
U00004841,835
U00004840,836
U00004839,837
U00004837,838
U00004835,839
U00004833,840
U00004831,841
U00004830,842
U00004828,843
U00004827,844
U00004825,845
U00004824,846
U00004823,847
U00004819,848
U00004818,849
U00004817,850
U00004821,851
U00004815,852
U00004814,853
U00004813,854
U00004834,855
U00004812,856
U00004810,857
U00004808,858
U00004809,859
U00004806,860
U00004802,861
U00004800,862
U00004798,863
U00004796,864
U00004792,865
U00004794,866
U00004797,867
U00004788,868
U00004786,869
U00004791,870
U00004785,871
U00004789,872
U00004783,873
U00004780,874
U00004779,875
U00004801,876
U00004776,877
U00004774,878
U00005185,879
U00004771,880
U00004772,881
U00004768,882
U00004769,883
U00004962,884
U00004799,885
U00004868,886
U00004759,887
U00004790,888
U00004758,889
U00004754,890
U00004752,891
U00004750,892
U00004747,893
U00004746,894
U00004745,895
U00004784,896
U00004743,897
U00004748,898
U00004738,899
U00004736,900
U00004735,901
U00005113,902
U00004734,903
U00004742,904
U00004732,905
U00004731,906
U00004729,907
U00004728,908
U00004725,909
U00004720,910
U00004719,911
U00004718,912
U00004793,913
U00004715,914
U00004713,915
U00004712,916
U00004711,917
U00004708,918
U00004706,919
U00004704,920
U00004705,921
U00004701,922
U00004700,923
U00004699,924
U00004697,925
U00004695,926
U00004692,927
U00004686,928
U00004687,929
U00004685,930
U00004684,931
U00004733,932
U00004682,933
U00004681,934
U00004680,935
U00004675,936
U00004673,937
U00004816,938
U00004671,939
U00004670,940
U00004669,941
U00004666,942
U00004663,943
U00004661,944
U00004662,945
U00004659,946
U00004739,947
U00004658,948
U00004656,949
U00004655,950
U00004650,951
U00004649,952
U00004647,953
U00004646,954
U00004644,955
U00004726,956
U00004643,957
U00004640,958
U00004638,959
U00004637,960
U00004635,961
U00004633,962
U00004631,963
U00004626,964
U00004621,965
U00004620,966
U00004618,967
U00004617,968
U00004615,969
U00004613,970
U00004611,971
U00004609,972
U00005978,973
U00004608,974
U00004607,975
U00004606,976
U00004605,977
U00004601,978
U00004599,979
U00004598,980
U00004623,981
U00004595,982
U00004596,983
U00004829,984
U00004654,985
U00004593,986
U00004591,987
U00004590,988
U00004589,989
U00004588,990
U00004587,991
U00005966,992
U00004585,993
U00005137,994
U00004582,995
U00004581,996
U00004578,997
U00004580,998
U00004577,999
U00004861,1000
U00004573,1001
U00004576,1002
U00004572,1003
U00004571,1004
U00004569,1005
U00004568,1006
U00004567,1007
U00004566,1008
U00004562,1009
U00004561,1010
U00004559,1011
U00004557,1012
U00004556,1013
U00004553,1014
U00004551,1015
U00004552,1016
U00004560,1017
U00004546,1018
U00004545,1019
U00004544,1020
U00004543,1021
U00004541,1022
U00004540,1023
U00004539,1024
U00004538,1025
U00004624,1026
U00004536,1027
U00004535,1028
U00005276,1029
U00004534,1030
U00004533,1031
U00004532,1032
U00004530,1033
U00004524,1034
U00004523,1035
U00004522,1036
U00004521,1037
U00004520,1038
U00004518,1039
U00004516,1040
U00004517,1041
U00004512,1042
U00004510,1043
U00004509,1044
U00004508,1045
U00004507,1046
U00004506,1047
U00004505,1048
U00004513,1049
U00004502,1050
U00004501,1051
U00004499,1052
U00004498,1053
U00004495,1054
U00004494,1055
U00004491,1056
U00004490,1057
U00004489,1058
U00004487,1059
U00004488,1060
U00004486,1061
U00004496,1062
U00004485,1063
U00004483,1064
U00004482,1065
U00004480,1066
U00004476,1067
U00004641,1068
U00004474,1069
U00004473,1070
U00004472,1071
U00004470,1072
U00004468,1073
U00004462,1074
U00004461,1075
U00004460,1076
U00004458,1077
U00004457,1078
U00004456,1079
U00004454,1080
U00004453,1081
U00004450,1082
U00004449,1083
U00004448,1084
U00004451,1085
U00004452,1086
U00004446,1087
U00004444,1088
U00004439,1089
U00004443,1090
U00004438,1091
U00004437,1092
U00004436,1093
U00004434,1094
U00004433,1095
U00004432,1096
U00004431,1097
U00004430,1098
U00004427,1099
U00004425,1100
U00004424,1101
U00004422,1102
U00004417,1103
U00004416,1104
U00004447,1105
U00004412,1106
U00004409,1107
U00004408,1108
U00004531,1109
U00004407,1110
U00004406,1111
U00004404,1112
U00004403,1113
U00004395,1114
U00004399,1115
U00004400,1116
U00004401,1117
U00004392,1118
U00004397,1119
U00004391,1120
U00004415,1121
U00004390,1122
U00004389,1123
U00004388,1124
U00004386,1125
U00004387,1126
U00004384,1127
U00004382,1128
U00004381,1129
U00004379,1130
U00004380,1131
U00004378,1132
U00004377,1133
U00004376,1134
U00004373,1135
U00004375,1136
U00004374,1137
U00004371,1138
U00004370,1139
U00004367,1140
U00004368,1141
U00004363,1142
U00004364,1143
U00004362,1144
U00004361,1145
U00004360,1146
U00004359,1147
U00004357,1148
U00004356,1149
U00004352,1150
U00004353,1151
U00004351,1152
U00004347,1153
U00004343,1154
U00004344,1155
U00004346,1156
U00004342,1157
U00004338,1158
U00004337,1159
U00004335,1160
U00004336,1161
U00004333,1162
U00004329,1163
U00004327,1164
U00004326,1165
U00004328,1166
U00004322,1167
U00004320,1168
U00004323,1169
U00004317,1170
U00004316,1171
U00004315,1172
U00004313,1173
U00004312,1174
U00004310,1175
U00004308,1176
U00004306,1177
U00004305,1178
U00004304,1179
U00004303,1180
U00004302,1181
U00004300,1182
U00004299,1183
U00004321,1184
U00004296,1185
U00004295,1186
U00004294,1187
U00004290,1188
U00004285,1189
U00004284,1190
U00004287,1191
U00004283,1192
U00004286,1193
U00004279,1194
U00004281,1195
U00004277,1196
U00004275,1197
U00004274,1198
U00004272,1199
U00004271,1200
U00004269,1201
U00004265,1202
U00004268,1203
U00004262,1204
U00004261,1205
U00004257,1206
U00004253,1207
U00004252,1208
U00004251,1209
U00004250,1210
U00004248,1211
U00004247,1212
U00004245,1213
U00004249,1214
U00004242,1215
U00004239,1216
U00004244,1217
U00004236,1218
U00004234,1219
U00004231,1220
U00004238,1221
U00004235,1222
U00004237,1223
U00004229,1224
U00004233,1225
U00004225,1226
U00004226,1227
U00004227,1228
U00004222,1229
U00004224,1230
U00004223,1231
U00004217,1232
U00004218,1233
U00004220,1234
U00004210,1235
U00004212,1236
U00004208,1237
U00004206,1238
U00004205,1239
U00004204,1240
U00004199,1241
U00004200,1242
U00004203,1243
U00004260,1244
U00004197,1245
U00004215,1246
U00004194,1247
U00004193,1248
U00004190,1249
U00004207,1250
U00004187,1251
U00004186,1252
U00004182,1253
U00004183,1254
U00004181,1255
U00004179,1256
U00004177,1257
U00004178,1258
U00004180,1259
U00004174,1260
U00004172,1261
U00004168,1262
U00004167,1263
U00004165,1264
U00004162,1265
U00004160,1266
U00004171,1267
U00004159,1268
U00004318,1269
U00004156,1270
U00004153,1271
U00004152,1272
U00004161,1273
U00004150,1274
U00004149,1275
U00004148,1276
U00004144,1277
U00004140,1278
U00004137,1279
U00004139,1280
U00004141,1281
U00004135,1282
U00004133,1283
U00004131,1284
U00004130,1285
U00004129,1286
U00004132,1287
U00004127,1288
U00004125,1289
U00004124,1290
U00004122,1291
U00004123,1292
U00004121,1293
U00004118,1294
U00004116,1295
U00004115,1296
U00004113,1297
U00004114,1298
U00004112,1299
U00004109,1300
U00004106,1301
U00004105,1302
U00004104,1303
U00004334,1304
U00004101,1305
U00004097,1306
U00004099,1307
U00004096,1308
U00004094,1309
U00004093,1310
U00004092,1311
U00004091,1312
U00004090,1313
U00004089,1314
U00004088,1315
U00004087,1316
U00004086,1317
U00004085,1318
U00004083,1319
U00004082,1320
U00004081,1321
U00004080,1322
U00004079,1323
U00004077,1324
U00004076,1325
U00004075,1326
U00004592,1327
U00004070,1328
U00004072,1329
U00004067,1330
U00004066,1331
U00004064,1332
U00004062,1333
U00004060,1334
U00004059,1335
U00004058,1336
U00004055,1337
U00004053,1338
U00004049,1339
U00004048,1340
U00004054,1341
U00004459,1342
U00004047,1343
U00004044,1344
U00004074,1345
U00004043,1346
U00004041,1347
U00004042,1348
U00004040,1349
U00004039,1350
U00004078,1351
U00004037,1352
U00004036,1353
U00004035,1354
U00004034,1355
U00004191,1356
U00004033,1357
U00004032,1358
U00004765,1359
U00004028,1360
U00004098,1361
U00004026,1362
U00004024,1363
U00004023,1364
U00004021,1365
U00004022,1366
U00004020,1367
U00004018,1368
U00004016,1369
U00004013,1370
U00004014,1371
U00004011,1372
U00004010,1373
U00004009,1374
U00004007,1375
U00004006,1376
U00004005,1377
U00004414,1378
U00004004,1379
U00004002,1380
U00004000,1381
U00004103,1382
U00004001,1383
U00003999,1384
U00003997,1385
U00003998,1386
U00003996,1387
U00003995,1388
U00003994,1389
U00003993,1390
U00003992,1391
U00003990,1392
U00003989,1393
U00003986,1394
U00003984,1395
U00003985,1396
U00003983,1397
U00004117,1398
U00003981,1399
U00003980,1400
U00003979,1401
U00003978,1402
U00003977,1403
U00003976,1404
U00003974,1405
U00003970,1406
U00003968,1407
U00003975,1408
U00003967,1409
U00003965,1410
U00003964,1411
U00003958,1412
U00003962,1413
U00003957,1414
U00003955,1415
U00003953,1416
U00003951,1417
U00003963,1418
U00003948,1419
U00003946,1420
U00003947,1421
U00003945,1422
U00004107,1423
U00003943,1424
U00003942,1425
U00003941,1426
U00003940,1427
U00005240,1428
U00003933,1429
U00003938,1430
U00003934,1431
U00003930,1432
U00003931,1433
U00003929,1434
U00003928,1435
U00003988,1436
U00003926,1437
U00003927,1438
U00003925,1439
U00003922,1440
U00003923,1441
U00003921,1442
U00004309,1443
U00003920,1444
U00003917,1445
U00003916,1446
U00003913,1447
U00003911,1448
U00003912,1449
U00003910,1450
U00003907,1451
U00003906,1452
U00003905,1453
U00003904,1454
U00003902,1455
U00003900,1456
U00003901,1457
U00003896,1458
U00003895,1459
U00003914,1460
U00003892,1461
U00003890,1462
U00003887,1463
U00003886,1464
U00003885,1465
U00003884,1466
U00003881,1467
U00003882,1468
U00003878,1469
U00004213,1470
U00003874,1471
U00003873,1472
U00003872,1473
U00003871,1474
U00003869,1475
U00003868,1476
U00003867,1477
U00003864,1478
U00003862,1479
U00003861,1480
U00003971,1481
U00003860,1482
U00003935,1483
U00003856,1484
U00003858,1485
U00003855,1486
U00003854,1487
U00003853,1488
U00003848,1489
U00003851,1490
U00003850,1491
U00003847,1492
U00003845,1493
U00003843,1494
U00003842,1495
U00003839,1496
U00003838,1497
U00003836,1498
U00003859,1499
U00005707,1500
U00003833,1501
U00003834,1502
U00003832,1503
U00003831,1504
U00003908,1505
U00003837,1506
U00003828,1507
U00003829,1508
U00003830,1509
U00003824,1510
U00003825,1511
U00003823,1512
U00003822,1513
U00003820,1514
U00003819,1515
U00003818,1516
U00003815,1517
U00003816,1518
U00003813,1519
U00003812,1520
U00003811,1521
U00004514,1522
U00003808,1523
U00003806,1524
U00003807,1525
U00003805,1526
U00003804,1527
U00003841,1528
U00004258,1529
U00003800,1530
U00003799,1531
U00003796,1532
U00003794,1533
U00003793,1534
U00003792,1535
U00003791,1536
U00003789,1537
U00003784,1538
U00003785,1539
U00003781,1540
U00003786,1541
U00003780,1542
U00003779,1543
U00003778,1544
U00003826,1545
U00003777,1546
U00003790,1547
U00003775,1548
U00003774,1549
U00003773,1550
U00003772,1551
U00003770,1552
U00003771,1553
U00003769,1554
U00003768,1555
U00003767,1556
U00003766,1557
U00003765,1558
U00003762,1559
U00003763,1560
U00003761,1561
U00003760,1562
U00003759,1563
U00003758,1564
U00003757,1565
U00003756,1566
U00003755,1567
U00003753,1568
U00003752,1569
U00003827,1570
U00003751,1571
U00003750,1572
U00003749,1573
U00003748,1574
U00003746,1575
U00003745,1576
U00003742,1577
U00003743,1578
U00004050,1579
U00003741,1580
U00003740,1581
U00003737,1582
U00003736,1583
U00003735,1584
U00003738,1585
U00003731,1586
U00003729,1587
U00003728,1588
U00003726,1589
U00003724,1590
U00003727,1591
U00003721,1592
U00003720,1593
U00003717,1594
U00003718,1595
U00003716,1596
U00003715,1597
U00004345,1598
U00003713,1599
U00003711,1600
U00003712,1601
U00003710,1602
U00003709,1603
U00003707,1604
U00003706,1605
U00005081,1606
U00003705,1607
U00003704,1608
U00003702,1609
U00003700,1610
U00003701,1611
U00003698,1612
U00003697,1613
U00003696,1614
U00003695,1615
U00003693,1616
U00003690,1617
U00003691,1618
U00003733,1619
U00003689,1620
U00003687,1621
U00003686,1622
U00003684,1623
U00003683,1624
U00003682,1625
U00003681,1626
U00003680,1627
U00003679,1628
U00003676,1629
U00003675,1630
U00003835,1631
U00003677,1632
U00003674,1633
U00003671,1634
U00003672,1635
U00003669,1636
U00003667,1637
U00005210,1638
U00003692,1639
U00003664,1640
U00003663,1641
U00003661,1642
U00003659,1643
U00003658,1644
U00003657,1645
U00003655,1646
U00003653,1647
U00003654,1648
U00003650,1649
U00003652,1650
U00003651,1651
U00003645,1652
U00003643,1653
U00003641,1654
U00003639,1655
U00003637,1656
U00003635,1657
U00003634,1658
U00003630,1659
U00003673,1660
U00003624,1661
U00003625,1662
U00003622,1663
U00003621,1664
U00003620,1665
U00003638,1666
U00003619,1667
U00003626,1668
U00003618,1669
U00003617,1670
U00003615,1671
U00003612,1672
U00003614,1673
U00003611,1674
U00003610,1675
U00003608,1676
U00003609,1677
U00003605,1678
U00003603,1679
U00003600,1680
U00003598,1681
U00003597,1682
U00003596,1683
U00003594,1684
U00003593,1685
U00003601,1686
U00003592,1687
U00003591,1688
U00003590,1689
U00003589,1690
U00003588,1691
U00003587,1692
U00003586,1693
U00003585,1694
U00003584,1695
U00003583,1696
U00003582,1697
U00003579,1698
U00003578,1699
U00003577,1700
U00003576,1701
U00003572,1702
U00003573,1703
U00003568,1704
U00004354,1705
U00003567,1706
U00003565,1707
U00003564,1708
U00003563,1709
U00003562,1710
U00003559,1711
U00003560,1712
U00003561,1713
U00003558,1714
U00003557,1715
U00003556,1716
U00003555,1717
U00003551,1718
U00003547,1719
U00003685,1720
U00003546,1721
U00003540,1722
U00003539,1723
U00003538,1724
U00003536,1725
U00003534,1726
U00005343,1727
U00003529,1728
U00003528,1729
U00003526,1730
U00003527,1731
U00003524,1732
U00003522,1733
U00003521,1734
U00003520,1735
U00003516,1736
U00003517,1737
U00003514,1738
U00003513,1739
U00003510,1740
U00003512,1741
U00003507,1742
U00003511,1743
U00003509,1744
U00003525,1745
U00003506,1746
U00003504,1747
U00003502,1748
U00003503,1749
U00003501,1750
U00003499,1751
U00003498,1752
U00003550,1753
U00003602,1754
U00003496,1755
U00003493,1756
U00003518,1757
U00003490,1758
U00003505,1759
U00003678,1760
U00003487,1761
U00003486,1762
U00003515,1763
U00003484,1764
U00003491,1765
U00003483,1766
U00003482,1767
U00003481,1768
U00003479,1769
U00003477,1770
U00003476,1771
U00003474,1772
U00003883,1773
U00003473,1774
U00003569,1775
U00003470,1776
U00003469,1777
U00003467,1778
U00003465,1779
U00003464,1780
U00003462,1781
U00003497,1782
U00003460,1783
U00003458,1784
U00003961,1785
U00003456,1786
U00003453,1787
U00003457,1788
U00003451,1789
U00003450,1790
U00003447,1791
U00003445,1792
U00003444,1793
U00003442,1794
U00003441,1795
U00003437,1796
U00003436,1797
U00003434,1798
U00003432,1799
U00003431,1800
U00003430,1801
U00003426,1802
U00003425,1803
U00003422,1804
U00003423,1805
U00003438,1806
U00003419,1807
U00003418,1808
U00003416,1809
U00003411,1810
U00003410,1811
U00003433,1812
U00003409,1813
U00003408,1814
U00003407,1815
U00003403,1816
U00003402,1817
U00003401,1818
U00004600,1819
U00003399,1820
U00003398,1821
U00003414,1822
U00003394,1823
U00003393,1824
U00003533,1825
U00003389,1826
U00003415,1827
U00003387,1828
U00003386,1829
U00003384,1830
U00003383,1831
U00003391,1832
U00003382,1833
U00003519,1834
U00003377,1835
U00003380,1836
U00003374,1837
U00003373,1838
U00003371,1839
U00003370,1840
U00003368,1841
U00003365,1842
U00003412,1843
U00003364,1844
U00003363,1845
U00003362,1846
U00003361,1847
U00003360,1848
U00003358,1849
U00003356,1850
U00003354,1851
U00003350,1852
U00003349,1853
U00003348,1854
U00003400,1855
U00003378,1856
U00003346,1857
U00003345,1858
U00003344,1859
U00003342,1860
U00003359,1861
U00003341,1862
U00003339,1863
U00003334,1864
U00003333,1865
U00003331,1866
U00003336,1867
U00003329,1868
U00003327,1869
U00005458,1870
U00003328,1871
U00003324,1872
U00003322,1873
U00003320,1874
U00003318,1875
U00003317,1876
U00003315,1877
U00003314,1878
U00003312,1879
U00003311,1880
U00003313,1881
U00003309,1882
U00003308,1883
U00003306,1884
U00003305,1885
U00003302,1886
U00003471,1887
U00003301,1888
U00003299,1889
U00003297,1890
U00003300,1891
U00003294,1892
U00003292,1893
U00003285,1894
U00003283,1895
U00003353,1896
U00003281,1897
U00003280,1898
U00003276,1899
U00003454,1900
U00003272,1901
U00003271,1902
U00003270,1903
U00003269,1904
U00003277,1905
U00003265,1906
U00003263,1907
U00003261,1908
U00003260,1909
U00003267,1910
U00003259,1911
U00003257,1912
U00003255,1913
U00003254,1914
U00003253,1915
U00003252,1916
U00003262,1917
U00003599,1918
U00003249,1919
U00003250,1920
U00003247,1921
U00003246,1922
U00003242,1923
U00003240,1924
U00003239,1925
U00003236,1926
U00003237,1927
U00003232,1928
U00003230,1929
U00003243,1930
U00003228,1931
U00003227,1932
U00003226,1933
U00003221,1934
U00003224,1935
U00004619,1936
U00003217,1937
U00003216,1938
U00003215,1939
U00005424,1940
U00003219,1941
U00003213,1942
U00003211,1943
U00003209,1944
U00003840,1945
U00003208,1946
U00003207,1947
U00003229,1948
U00003206,1949
U00003210,1950
U00003205,1951
U00003202,1952
U00003340,1953
U00003201,1954
U00003200,1955
U00003199,1956
U00003197,1957
U00003196,1958
U00003195,1959
U00003193,1960
U00003192,1961
U00003191,1962
U00003190,1963
U00003189,1964
U00003185,1965
U00003184,1966
U00003183,1967
U00003182,1968
U00003178,1969
U00003177,1970
U00003180,1971
U00003175,1972
U00003174,1973
U00003173,1974
U00003172,1975
U00003279,1976
U00003170,1977
U00003169,1978
U00003167,1979
U00003162,1980
U00003163,1981
U00003161,1982
U00003171,1983
U00003160,1984
U00003158,1985
U00003157,1986
U00003156,1987
U00003155,1988
U00003688,1989
U00003154,1990
U00004030,1991
U00003151,1992
U00003150,1993
U00003147,1994
U00003146,1995
U00004691,1996
U00003145,1997
U00003143,1998
U00003141,1999
U00003140,2000
U00003139,2001
U00003138,2002
U00003136,2003
U00003135,2004
U00003134,2005
U00003130,2006
U00003129,2007
U00003128,2008
U00003126,2009
U00003127,2010
U00005620,2011
U00003123,2012
U00004411,2013
U00003121,2014
U00003119,2015
U00003118,2016
U00003116,2017
U00003113,2018
U00003112,2019
U00003111,2020
U00003110,2021
U00003108,2022
U00003107,2023
U00003101,2024
U00003100,2025
U00003099,2026
U00003098,2027
U00003095,2028
U00003094,2029
U00003093,2030
U00003092,2031
U00003090,2032
U00003087,2033
U00003086,2034
U00004579,2035
U00003083,2036
U00003082,2037
U00003081,2038
U00003080,2039
U00003079,2040
U00003077,2041
U00003075,2042
U00003073,2043
U00003072,2044
U00003266,2045
U00003069,2046
U00003067,2047
U00003065,2048
U00003066,2049
U00004138,2050
U00003062,2051
U00003063,2052
U00003060,2053
U00003057,2054
U00003106,2055
U00003367,2056
U00003056,2057
U00003857,2058
U00003055,2059
U00003053,2060
U00003052,2061
U00003051,2062
U00003048,2063
U00003049,2064
U00003047,2065
U00003045,2066
U00003044,2067
U00003042,2068
U00003036,2069
U00003037,2070
U00003035,2071
U00003034,2072
U00003033,2073
U00003032,2074
U00003031,2075
U00003029,2076
U00003028,2077
U00003027,2078
U00003026,2079
U00003025,2080
U00003024,2081
U00003021,2082
U00003018,2083
U00003017,2084
U00003022,2085
U00003016,2086
U00003012,2087
U00003013,2088
U00003010,2089
U00003007,2090
U00003006,2091
U00003005,2092
U00003008,2093
U00003004,2094
U00003002,2095
U00003054,2096
U00003001,2097
U00003000,2098
U00002999,2099
U00002998,2100
U00002997,2101
U00002995,2102
U00002994,2103
U00003014,2104
U00002993,2105
U00004126,2106
U00003003,2107
U00002989,2108
U00003435,2109
U00002987,2110
U00002986,2111
U00002984,2112
U00002985,2113
U00002983,2114
U00002981,2115
U00002990,2116
U00002978,2117
U00002976,2118
U00002975,2119
U00002974,2120
U00002973,2121
U00002972,2122
U00002970,2123
U00002968,2124
U00002966,2125
U00002967,2126
U00002963,2127
U00002956,2128
U00002957,2129
U00002955,2130
U00002951,2131
U00002950,2132
U00002948,2133
U00002946,2134
U00002945,2135
U00002943,2136
U00002942,2137
U00002941,2138
U00002939,2139
U00002938,2140
U00002936,2141
U00002937,2142
U00002935,2143
U00002934,2144
U00002933,2145
U00002932,2146
U00002931,2147
U00002929,2148
U00002928,2149
U00002927,2150
U00002952,2151
U00002926,2152
U00004169,2153
U00002924,2154
U00002922,2155
U00002921,2156
U00002916,2157
U00002915,2158
U00002913,2159
U00002912,2160
U00002911,2161
U00002979,2162
U00002907,2163
U00002906,2164
U00002905,2165
U00002903,2166
U00002902,2167
U00002909,2168
U00002901,2169
U00002900,2170
U00002918,2171
U00003607,2172
U00002899,2173
U00002897,2174
U00002895,2175
U00002894,2176
U00002896,2177
U00002892,2178
U00002891,2179
U00002890,2180
U00002889,2181
U00002888,2182
U00002887,2183
U00002886,2184
U00002885,2185
U00002882,2186
U00002881,2187
U00002883,2188
U00002879,2189
U00002878,2190
U00002876,2191
U00002874,2192
U00002875,2193
U00002996,2194
U00002873,2195
U00002872,2196
U00002870,2197
U00002869,2198
U00004497,2199
U00002866,2200
U00002865,2201
U00002863,2202
U00002862,2203
U00002856,2204
U00002857,2205
U00002860,2206
U00002853,2207
U00002852,2208
U00002850,2209
U00002849,2210
U00002848,2211
U00002854,2212
U00002845,2213
U00002844,2214
U00002843,2215
U00002841,2216
U00002840,2217
U00002839,2218
U00002837,2219
U00002834,2220
U00002832,2221
U00002830,2222
U00002825,2223
U00002824,2224
U00002823,2225
U00002819,2226
U00002820,2227
U00002831,2228
U00002818,2229
U00002817,2230
U00002814,2231
U00002812,2232
U00002810,2233
U00002808,2234
U00002809,2235
U00002807,2236
U00002806,2237
U00002804,2238
U00002803,2239
U00002801,2240
U00002799,2241
U00002798,2242
U00002796,2243
U00002793,2244
U00002792,2245
U00003041,2246
U00002790,2247
U00002789,2248
U00002788,2249
U00002787,2250
U00002786,2251
U00002785,2252
U00002783,2253
U00002782,2254
U00002781,2255
U00002779,2256
U00002777,2257
U00002776,2258
U00002774,2259
U00002773,2260
U00002771,2261
U00002784,2262
U00002768,2263
U00002765,2264
U00002764,2265
U00002761,2266
U00002756,2267
U00002754,2268
U00002753,2269
U00002751,2270
U00002750,2271
U00004471,2272
U00002749,2273
U00002748,2274
U00002747,2275
U00002746,2276
U00002745,2277
U00002744,2278
U00002743,2279
U00002742,2280
U00002741,2281
U00002740,2282
U00002738,2283
U00002737,2284
U00002735,2285
U00002734,2286
U00002733,2287
U00002731,2288
U00002730,2289
U00002728,2290
U00002727,2291
U00002726,2292
U00002752,2293
U00002725,2294
U00002724,2295
U00002723,2296
U00002718,2297
U00002717,2298
U00002709,2299
U00002706,2300
U00002703,2301
U00002701,2302
U00002700,2303
U00002699,2304
U00002698,2305
U00002695,2306
U00002694,2307
U00002692,2308
U00002691,2309
U00002690,2310
U00002689,2311
U00002693,2312
U00005322,2313
U00002685,2314
U00002682,2315
U00002680,2316
U00002681,2317
U00002679,2318
U00003888,2319
U00002678,2320
U00002676,2321
U00002675,2322
U00002687,2323
U00002674,2324
U00002670,2325
U00002668,2326
U00002666,2327
U00002665,2328
U00002664,2329
U00002661,2330
U00002660,2331
U00002684,2332
U00002659,2333
U00002658,2334
U00002657,2335
U00002652,2336
U00002651,2337
U00002648,2338
U00002654,2339
U00002647,2340
U00002645,2341
U00002643,2342
U00002642,2343
U00002641,2344
U00002640,2345
U00002639,2346
U00002638,2347
U00002636,2348
U00002634,2349
U00002630,2350
U00002629,2351
U00002628,2352
U00002627,2353
U00002649,2354
U00002624,2355
U00002712,2356
U00002622,2357
U00002623,2358
U00002766,2359
U00002621,2360
U00002620,2361
U00002619,2362
U00002618,2363
U00002617,2364
U00002615,2365
U00002611,2366
U00002610,2367
U00002609,2368
U00002608,2369
U00002607,2370
U00002605,2371
U00002604,2372
U00002598,2373
U00002599,2374
U00002597,2375
U00002600,2376
U00002596,2377
U00002595,2378
U00002593,2379
U00002592,2380
U00002591,2381
U00002590,2382
U00002588,2383
U00002589,2384
U00002587,2385
U00002585,2386
U00002581,2387
U00002579,2388
U00002577,2389
U00002576,2390
U00003665,2391
U00002575,2392
U00002573,2393
U00002572,2394
U00002570,2395
U00002567,2396
U00002566,2397
U00002565,2398
U00002564,2399
U00002563,2400
U00002562,2401
U00002778,2402
U00002560,2403
U00002557,2404
U00002559,2405
U00002558,2406
U00002555,2407
U00002554,2408
U00002552,2409
U00002551,2410
U00002549,2411
U00002547,2412
U00002544,2413
U00002546,2414
U00002542,2415
U00002541,2416
U00002540,2417
U00002537,2418
U00002535,2419
U00002531,2420
U00002533,2421
U00002529,2422
U00003732,2423
U00002536,2424
U00002525,2425
U00002522,2426
U00002523,2427
U00002526,2428
U00002519,2429
U00002516,2430
U00002517,2431
U00002515,2432
U00002583,2433
U00002510,2434
U00002508,2435
U00002507,2436
U00002506,2437
U00002504,2438
U00002503,2439
U00002501,2440
U00002500,2441
U00002498,2442
U00002497,2443
U00002499,2444
U00002496,2445
U00002495,2446
U00002494,2447
U00002492,2448
U00002490,2449
U00002489,2450
U00002486,2451
U00002485,2452
U00002491,2453
U00002484,2454
U00002482,2455
U00002479,2456
U00002470,2457
U00002468,2458
U00002466,2459
U00002462,2460
U00002461,2461
U00002858,2462
U00002460,2463
U00002459,2464
U00002458,2465
U00002456,2466
U00002457,2467
U00002455,2468
U00002454,2469
U00002453,2470
U00002452,2471
U00002450,2472
U00002448,2473
U00002445,2474
U00002446,2475
U00002435,2476
U00002429,2477
U00002439,2478
U00002436,2479
U00002428,2480
U00002438,2481
U00002427,2482
U00002426,2483
U00002472,2484
U00002423,2485
U00002421,2486
U00002419,2487
U00002418,2488
U00002415,2489
U00002414,2490
U00002411,2491
U00002410,2492
U00002408,2493
U00002404,2494
U00002403,2495
U00002402,2496
U00002398,2497
U00002396,2498
U00002397,2499
U00002395,2500
U00002389,2501
U00002390,2502
U00002387,2503
U00002386,2504
U00002383,2505
U00002465,2506
U00004241,2507
U00002380,2508
U00002379,2509
U00002378,2510
U00002376,2511
U00002375,2512
U00002374,2513
U00002371,2514
U00002370,2515
U00002368,2516
U00002367,2517
U00002366,2518
U00002394,2519
U00002363,2520
U00002359,2521
U00002393,2522
U00002354,2523
U00002355,2524
U00002351,2525
U00002353,2526
U00002352,2527
U00002350,2528
U00002347,2529
U00002344,2530
U00002346,2531
U00002348,2532
U00002859,2533
U00002340,2534
U00002338,2535
U00002337,2536
U00002335,2537
U00002334,2538
U00002330,2539
U00002328,2540
U00002327,2541
U00002325,2542
U00002323,2543
U00002451,2544
U00002321,2545
U00002320,2546
U00002319,2547
U00002318,2548
U00002316,2549
U00002315,2550
U00002309,2551
U00002310,2552
U00002307,2553
U00002308,2554
U00002306,2555
U00002305,2556
U00002302,2557
U00002303,2558
U00002304,2559
U00002300,2560
U00002298,2561
U00002294,2562
U00002293,2563
U00002290,2564
U00002288,2565
U00002286,2566
U00002279,2567
U00002276,2568
U00002275,2569
U00002274,2570
U00002273,2571
U00002271,2572
U00002270,2573
U00002269,2574
U00002444,2575
U00002266,2576
U00002265,2577
U00002264,2578
U00002263,2579
U00002261,2580
U00002262,2581
U00002260,2582
U00002257,2583
U00002258,2584
U00002256,2585
U00002259,2586
U00002255,2587
U00002254,2588
U00002253,2589
U00002244,2590
U00002250,2591
U00002236,2592
U00002249,2593
U00002238,2594
U00002240,2595
U00002246,2596
U00002232,2597
U00002242,2598
U00002233,2599
U00002237,2600
U00002231,2601
U00002230,2602
U00002228,2603
U00002229,2604
U00002251,2605
U00002224,2606
U00002226,2607
U00002225,2608
U00002227,2609
U00002222,2610
U00002223,2611
U00002221,2612
U00002217,2613
U00002216,2614
U00002215,2615
U00002219,2616
U00002214,2617
U00002205,2618
U00002203,2619
U00002206,2620
U00002211,2621
U00002200,2622
U00002208,2623
U00002202,2624
U00002198,2625
U00002191,2626
U00002192,2627
U00002190,2628
U00002185,2629
U00002186,2630
U00002194,2631
U00002187,2632
U00002181,2633
U00002180,2634
U00002179,2635
U00002188,2636
U00002178,2637
U00002177,2638
U00002175,2639
U00002174,2640
U00002172,2641
U00002168,2642
U00002173,2643
U00002171,2644
U00002167,2645
U00002165,2646
U00002166,2647
U00002164,2648
U00002235,2649
U00002163,2650
U00002162,2651
U00002161,2652
U00002158,2653
U00002157,2654
U00002155,2655
U00002154,2656
U00002152,2657
U00002153,2658
U00002149,2659
U00002148,2660
U00002147,2661
U00002146,2662
U00002145,2663
U00002156,2664
U00002143,2665
U00002144,2666
U00002142,2667
U00002139,2668
U00002138,2669
U00002137,2670
U00002135,2671
U00002136,2672
U00002132,2673
U00002534,2674
U00002126,2675
U00002134,2676
U00002125,2677
U00002131,2678
U00002123,2679
U00002122,2680
U00002121,2681
U00002124,2682
U00002116,2683
U00002115,2684
U00002113,2685
U00002114,2686
U00002112,2687
U00002111,2688
U00002110,2689
U00002108,2690
U00002104,2691
U00002105,2692
U00002101,2693
U00002102,2694
U00002100,2695
U00002096,2696
U00002093,2697
U00002098,2698
U00002095,2699
U00002085,2700
U00002083,2701
U00002088,2702
U00002086,2703
U00002081,2704
U00002091,2705
U00002478,2706
U00002082,2707
U00002109,2708
U00002078,2709
U00002074,2710
U00002067,2711
U00002073,2712
U00002068,2713
U00002071,2714
U00002077,2715
U00002070,2716
U00002069,2717
U00002063,2718
U00002065,2719
U00002056,2720
U00002060,2721
U00002062,2722
U00002072,2723
U00002054,2724
U00002051,2725
U00002058,2726
U00002048,2727
U00002047,2728
U00002046,2729
U00002043,2730
U00002038,2731
U00002044,2732
U00002035,2733
U00002045,2734
U00002042,2735
U00002036,2736
U00002039,2737
U00002041,2738
U00002064,2739
U00002032,2740
U00002092,2741
U00002029,2742
U00002031,2743
U00002030,2744
U00002025,2745
U00002023,2746
U00002024,2747
U00002020,2748
U00002017,2749
U00002022,2750
U00002015,2751
U00002016,2752
U00002027,2753
U00002014,2754
U00002012,2755
U00002372,2756
U00002013,2757
U00002010,2758
U00002011,2759
U00002007,2760
U00002005,2761
U00002009,2762
U00002000,2763
U00002003,2764
U00002002,2765
U00001999,2766
U00002018,2767
U00001996,2768
U00001993,2769
U00001991,2770
U00001992,2771
U00002084,2772
U00001995,2773
U00001988,2774
U00001982,2775
U00001985,2776
U00001981,2777
U00001984,2778
U00001983,2779
U00001975,2780
U00001974,2781
U00001987,2782
U00001964,2783
U00001969,2784
U00001968,2785
U00001980,2786
U00001972,2787
U00001961,2788
U00001963,2789
U00001976,2790
U00001957,2791
U00001962,2792
U00001956,2793
U00002424,2794
U00001955,2795
U00001940,2796
U00001943,2797
U00001927,2798
U00001916,2799
U00001951,2800
U00001924,2801
U00001938,2802
U00001954,2803
U00001958,2804
U00001907,2805
U00001928,2806
U00001939,2807
U00001947,2808
U00001903,2809
U00001922,2810
U00001931,2811
U00001910,2812
U00001950,2813
U00001919,2814
U00001893,2815
U00001918,2816
U00001902,2817
U00001909,2818
U00001900,2819
U00001914,2820
U00001886,2821
U00001890,2822
U00001913,2823
U00001953,2824
U00001891,2825
U00001926,2826
U00001885,2827
U00001932,2828
U00001949,2829
U00001948,2830
U00001945,2831
U00001894,2832
U00001901,2833
U00001881,2834
U00001873,2835
U00001925,2836
U00001879,2837
U00001883,2838
U00001870,2839
U00001865,2840
U00001871,2841
U00001880,2842
U00001930,2843
U00001997,2844
U00001908,2845
U00001895,2846
U00001867,2847
U00001857,2848
U00001884,2849
U00001849,2850
U00001861,2851
U00001838,2852
U00001835,2853
U00001852,2854
U00001856,2855
U00001869,2856
U00001820,2857
U00001851,2858
U00001850,2859
U00001826,2860
U00001811,2861
U00001821,2862
U00001823,2863
U00001833,2864
U00001832,2865
U00001814,2866
U00001854,2867
U00001824,2868
U00001819,2869
U00001822,2870
U00001858,2871
U00001828,2872
U00001817,2873
U00001898,2874
U00001785,2875
U00001803,2876
U00001841,2877
U00001796,2878
U00001784,2879
U00001777,2880
U00001773,2881
U00001797,2882
U00001790,2883
U00001774,2884
U00001791,2885
U00001799,2886
U00001781,2887
U00001760,2888
U00001875,2889
U00001762,2890
U00001767,2891
U00001766,2892
U00001759,2893
U00001831,2894
U00001775,2895
U00001765,2896
U00001761,2897
U00001753,2898
U00001757,2899
U00001747,2900
U00001793,2901
U00001780,2902
U00001746,2903
U00001764,2904
U00001882,2905
U00001755,2906
U00001778,2907
U00001735,2908
U00001728,2909
U00001794,2910
U00001733,2911
U00001744,2912
U00001726,2913
U00001740,2914
U00001723,2915
U00001718,2916
U00001724,2917
U00001739,2918
U00001714,2919
U00001717,2920
U00001709,2921
U00001712,2922
U00001937,2923
U00001736,2924
U00001745,2925
U00001748,2926
U00001727,2927
U00001738,2928
U00001845,2929
U00001721,2930
U00001693,2931
U00001741,2932
U00001725,2933
U00001716,2934
U00001695,2935
U00001722,2936
U00001697,2937
U00001711,2938
U00001689,2939
U00001688,2940
U00001698,2941
U00001701,2942
U00001687,2943
U00001694,2944
U00001684,2945
U00001706,2946
U00001683,2947
U00001705,2948
U00001776,2949
U00001674,2950
U00001676,2951
U00001672,2952
U00001669,2953
U00001680,2954
U00001690,2955
U00001666,2956
U00001665,2957
U00001664,2958
U00001670,2959
U00001675,2960
U00001659,2961
U00001671,2962
U00001655,2963
U00001657,2964
U00001661,2965
U00001663,2966
U00001652,2967
U00001658,2968
U00001649,2969
U00001646,2970
U00001678,2971
U00001647,2972
U00001699,2973
U00001648,2974
U00001650,2975
U00001685,2976
U00001641,2977
U00001637,2978
U00001636,2979
U00001634,2980
U00001635,2981
U00001643,2982
U00001639,2983
U00001632,2984
U00001631,2985
U00001640,2986
U00001629,2987
U00001628,2988
U00001626,2989
U00001630,2990
U00001620,2991
U00001618,2992
U00001616,2993
U00001920,2994
U00001614,2995
U00001613,2996
U00001834,2997
U00001610,2998
U00001606,2999
U00001603,3000
U00001604,3001
U00001825,3002
U00001601,3003
U00001617,3004
U00001600,3005
U00001599,3006
U00001602,3007
U00001597,3008
U00001607,3009
U00001598,3010
U00002097,3011
U00001592,3012
U00001805,3013
U00001589,3014
U00001588,3015
U00001586,3016
U00001583,3017
U00001585,3018
U00001584,3019
U00001580,3020
U00001576,3021
U00001806,3022
U00001579,3023
U00001574,3024
U00001587,3025
U00001577,3026
U00001568,3027
U00001571,3028
U00001567,3029
U00001807,3030
U00001564,3031
U00001565,3032
U00001609,3033
U00001563,3034
U00001554,3035
U00001800,3036
U00001553,3037
U00001552,3038
U00001546,3039
U00001544,3040
U00001543,3041
U00001591,3042
U00001542,3043
U00001555,3044
U00001538,3045
U00001531,3046
U00001545,3047
U00001527,3048
U00001530,3049
U00001529,3050
U00001522,3051
U00001521,3052
U00001518,3053
U00001525,3054
U00001517,3055
U00001508,3056
U00001507,3057
U00001514,3058
U00001556,3059
U00001504,3060
U00001510,3061
U00001503,3062
U00001581,3063
U00001493,3064
U00001492,3065
U00001494,3066
U00001497,3067
U00001502,3068
U00001496,3069
U00001839,3070
U00001491,3071
U00001478,3072
U00001483,3073
U00001484,3074
U00001516,3075
U00001479,3076
U00001476,3077
U00001471,3078
U00001468,3079
U00001486,3080
U00001470,3081
U00001472,3082
U00001473,3083
U00001466,3084
U00001481,3085
U00001593,3086
U00001475,3087
U00002106,3088
U00001462,3089
U00001458,3090
U00002094,3091
U00001464,3092
U00001465,3093
U00002059,3094
U00001904,3095
U00001454,3096
U00001489,3097
U00001461,3098
U00001457,3099
U00001455,3100
U00001440,3101
U00001818,3102
U00001441,3103
U00001433,3104
U00001430,3105
U00001501,3106
U00001420,3107
U00001418,3108
U00001425,3109
U00001421,3110
U00003821,3111
U00001442,3112
U00001415,3113
U00001434,3114
U00001419,3115
U00001696,3116
U00001414,3117
U00001499,3118
U00001495,3119
U00001413,3120
U00001437,3121
U00001426,3122
U00001407,3123
U00001408,3124
U00001409,3125
U00001451,3126
U00001410,3127
U00001399,3128
U00001403,3129
U00001397,3130
U00001395,3131
U00002090,3132
U00001392,3133
U00001404,3134
U00001388,3135
U00001387,3136
U00001389,3137
U00001385,3138
U00001383,3139
U00001400,3140
U00001378,3141
U00001381,3142
U00001595,3143
U00001450,3144
U00001374,3145
U00001375,3146
U00001367,3147
U00001368,3148
U00001369,3149
U00001359,3150
U00001358,3151
U00001391,3152
U00003475,3153
U00001377,3154
U00001361,3155
U00001490,3156
U00001356,3157
U00001353,3158
U00001897,3159
U00001348,3160
U00001350,3161
U00001347,3162
U00001345,3163
U00001344,3164
U00001354,3165
U00001624,3166
U00001340,3167
U00001341,3168
U00001342,3169
U00001899,3170
U00001332,3171
U00001330,3172
U00001333,3173
U00001335,3174
U00001326,3175
U00001325,3176
U00001323,3177
U00001322,3178
U00001324,3179
U00001338,3180
U00001320,3181
U00001316,3182
U00001339,3183
U00001313,3184
U00001804,3185
U00001317,3186
U00001314,3187
U00001312,3188
U00001315,3189
U00001311,3190
U00001812,3191
U00001855,3192
U00001306,3193
U00001758,3194
U00001304,3195
U00001299,3196
U00001301,3197
U00001296,3198
U00001303,3199
U00001302,3200
U00001295,3201
U00001298,3202
U00001297,3203
U00001300,3204
U00001291,3205
U00001293,3206
U00001286,3207
U00001285,3208
U00001281,3209
U00001288,3210
U00001283,3211
U00001279,3212
U00001280,3213
U00001276,3214
U00001274,3215
U00001273,3216
U00001272,3217
U00001271,3218
U00001264,3219
U00001263,3220
U00001261,3221
U00001262,3222
U00001259,3223
U00001255,3224
U00001254,3225
U00001253,3226
U00001532,3227
U00001836,3228
U00001246,3229
U00001245,3230
U00001248,3231
U00001244,3232
U00001243,3233
U00001509,3234
U00001237,3235
U00001238,3236
U00001239,3237
U00001241,3238
U00001235,3239
U00001866,3240
U00001242,3241
U00001233,3242
U00001230,3243
U00001232,3244
U00001911,3245
U00001268,3246
U00001222,3247
U00001228,3248
U00001225,3249
U00001231,3250
U00001837,3251
U00001224,3252
U00001223,3253
U00001284,3254
U00001221,3255
U00001427,3256
U00001749,3257
U00001219,3258
U00001215,3259
U00001212,3260
U00001206,3261
U00001207,3262
U00001204,3263
U00001205,3264
U00001202,3265
U00001201,3266
U00001199,3267
U00001196,3268
U00001371,3269
U00001216,3270
U00001195,3271
U00001194,3272
U00001189,3273
U00001186,3274
U00001193,3275
U00001941,3276
U00001185,3277
U00001191,3278
U00001220,3279
U00001184,3280
U00001183,3281
U00001182,3282
U00001181,3283
U00001179,3284
U00001177,3285
U00001175,3286
U00001176,3287
U00001173,3288
U00001170,3289
U00001168,3290
U00001172,3291
U00001169,3292
U00001162,3293
U00001164,3294
U00001167,3295
U00001161,3296
U00001912,3297
U00002120,3298
U00001159,3299
U00001158,3300
U00001156,3301
U00001155,3302
U00001157,3303
U00001376,3304
U00001152,3305
U00001853,3306
U00001151,3307
U00001149,3308
U00001150,3309
U00001146,3310
U00001147,3311
U00001145,3312
U00001142,3313
U00001294,3314
U00001141,3315
U00001702,3316
U00001707,3317
U00001139,3318
U00001140,3319
U00001136,3320
U00001135,3321
U00001134,3322
U00001132,3323
U00001131,3324
U00001128,3325
U00001129,3326
U00001125,3327
U00001124,3328
U00001122,3329
U00001267,3330
U00001121,3331
U00001120,3332
U00001119,3333
